Name,Email,Username,Phone,Age,Address
Tyra,Tyree.Marks@gmail.com,Kailee.Zemlak,(682) 283-1264 x18252,24,Ecuador
Cristopher,Candida.OConnell87@hotmail.com,Asha_Schuppe,(221) 875-2971 x98365,48,Czechia
Karolann,Chad_Wuckert@hotmail.com,Juliana78,934-266-6452,75,Dominica
Krystal,Orland.Jacobs-Smith@yahoo.com,Fredy79,758-518-7642 x099,64,"Bonaire, Sint Eustatius and Saba"
Edwina,Nathan38@hotmail.com,Erwin_Gusikowski,1-659-848-1563 x47031,55,Syrian Arab Republic
Jazmin,Elisa.Morar@yahoo.com,Kareem77,431-312-2550 x50223,26,Colombia
Roberta,Florence.Hamill@hotmail.com,Verda_Heidenreich16,1-632-380-5772 x42207,69,Sao Tome and Principe
Shanel,Abdul.West@gmail.com,Demario_Runolfsson-Carter,504-273-8916,21,Faroe Islands
Juliet,Immanuel.Daugherty@gmail.com,Arely.Towne,485-903-0073 x528,25,Latvia
Samanta,Eliseo.Lesch27@yahoo.com,Khalid_Graham43,962-440-3125 x4964,32,Falkland Islands (Malvinas)
Harley,Ruby.West77@hotmail.com,Keshawn.Bernhard,(223) 251-6121 x834,72,Malaysia
Berneice,Myriam_Kshlerin@hotmail.com,Stephanie19,1-327-376-1971,65,Armenia
Kayli,Veda36@yahoo.com,Uriel.Lemke24,1-827-988-7363 x0966,38,Maldives
Ora,Virginie78@yahoo.com,Brent72,617.270.4508,19,Palau
Billie,Annie_Leuschke@gmail.com,Eddie66,1-991-834-0470 x132,43,Madagascar
Magnolia,Ford.Ondricka94@hotmail.com,Marco89,753.341.3919 x2881,45,Belgium
Adolph,Orville_Kub87@gmail.com,Carlos91,753.438.7738,77,United Kingdom
Constantin,Patrick1@yahoo.com,Alexys.Romaguera33,1-515-337-6650,20,Wallis and Futuna
Buster,Erik_Buckridge@gmail.com,Nat.Jast43,(533) 328-2025 x9272,78,Grenada
Gerhard,Jessy.Kautzer@yahoo.com,Alan_Lynch10,303-570-0747,57,Canada
